"","diameter","density","m.apl","cluster","overlap","density_pool","network","year"
"1",6,0.0213851622520353,0.0904493331732558,0.0196187840798209,0.0236991418201451,0.0993423329871928,"multilayer","2024"
