"","diameter","density","m.apl","cluster","overlap","density_pool","network","year"
"1",5,0.0272298290399938,0.0824843282463538,0.0170257704924892,0.0409961917964143,0.131837307152875,"multilayer","2023"
